ID,Task Name,Start Date,End Date,Duration (Days),Dependencies,Resources,Completion,Phase
1,Project Setup,2023-05-01,2023-05-07,7,,Developer,0%,Foundation
1.1,Setup Testing Infrastructure,2023-05-01,2023-05-03,3,,Developer,0%,Foundation
1.1.1,Select Testing Framework,2023-05-01,2023-05-01,1,,Developer,0%,Foundation
1.1.2,Configure Jest and Testing Library,2023-05-02,2023-05-02,1,1.1.1,Developer,0%,Foundation
1.1.3,Create Initial Test Structure,2023-05-03,2023-05-03,1,1.1.2,Developer,0%,Foundation
1.2,Development Environment Setup,2023-05-04,2023-05-07,4,1.1,Developer,0%,Foundation
1.2.1,Create package.json,2023-05-04,2023-05-04,1,,Developer,0%,Foundation
1.2.2,Configure Linting and Formatting,2023-05-05,2023-05-05,1,1.2.1,Developer,0%,Foundation
1.2.3,Setup Local Development Server,2023-05-06,2023-05-06,1,1.2.2,Developer,0%,Foundation
1.2.4,Document Development Setup,2023-05-07,2023-05-07,1,1.2.3,Developer,0%,Foundation

2,Phase 1: Content and Structure,2023-05-08,2023-05-28,21,,Developer,0%,Phase 1
2.1,Complete Core Content,2023-05-08,2023-05-14,7,,Developer,0%,Phase 1
2.1.1,Content Structure Tests,2023-05-08,2023-05-09,2,1,Developer,0%,Phase 1
2.1.2,Audit Existing Content,2023-05-10,2023-05-10,1,2.1.1,Developer,0%,Phase 1
2.1.3,Draft Missing Content,2023-05-11,2023-05-13,3,2.1.2,Developer,0%,Phase 1
2.1.4,Review and Finalize Content,2023-05-14,2023-05-14,1,2.1.3,Developer,0%,Phase 1
2.2,Enhance Code Examples,2023-05-15,2023-05-21,7,2.1,Developer,0%,Phase 1
2.2.1,Code Example Tests,2023-05-15,2023-05-16,2,2.1,Developer,0%,Phase 1
2.2.2,Syntax Highlighting Implementation,2023-05-17,2023-05-18,2,2.2.1,Developer,0%,Phase 1
2.2.3,Create Code Examples,2023-05-19,2023-05-20,2,2.2.2,Developer,0%,Phase 1
2.2.4,Validate Code Examples,2023-05-21,2023-05-21,1,2.2.3,Developer,0%,Phase 1
2.3,Improve Content Structure,2023-05-22,2023-05-28,7,2.2,Developer,0%,Phase 1
2.3.1,Navigation Structure Tests,2023-05-22,2023-05-23,2,2.2,Developer,0%,Phase 1
2.3.2,Enhance HTML Semantic Structure,2023-05-24,2023-05-25,2,2.3.1,Developer,0%,Phase 1
2.3.3,Implement Navigation Improvements,2023-05-26,2023-05-27,2,2.3.2,Developer,0%,Phase 1
2.3.4,Test Navigation and Structure,2023-05-28,2023-05-28,1,2.3.3,Developer,0%,Phase 1

3,Phase 2: Core Functionality,2023-05-29,2023-06-18,21,,Developer,0%,Phase 2
3.1,Complete Chatbot Integration,2023-05-29,2023-06-04,7,,Developer,0%,Phase 2
3.1.1,Chatbot Tests,2023-05-29,2023-05-30,2,2,Developer,0%,Phase 2
3.1.2,API Integration,2023-05-31,2023-06-01,2,3.1.1,Developer,0%,Phase 2
3.1.3,Chatbot UI Implementation,2023-06-02,2023-06-03,2,3.1.2,Developer,0%,Phase 2
3.1.4,Error Handling and Testing,2023-06-04,2023-06-04,1,3.1.3,Developer,0%,Phase 2
3.2,Implement Search Functionality,2023-06-05,2023-06-11,7,3.1,Developer,0%,Phase 2
3.2.1,Search Tests,2023-06-05,2023-06-06,2,3.1,Developer,0%,Phase 2
3.2.2,Search Index Implementation,2023-06-07,2023-06-08,2,3.2.1,Developer,0%,Phase 2
3.2.3,Search UI Components,2023-06-09,2023-06-10,2,3.2.2,Developer,0%,Phase 2
3.2.4,Search Results Testing,2023-06-11,2023-06-11,1,3.2.3,Developer,0%,Phase 2
3.3,Fix Responsive Design Issues,2023-06-12,2023-06-18,7,3.2,Developer,0%,Phase 2
3.3.1,Responsive Design Tests,2023-06-12,2023-06-13,2,3.2,Developer,0%,Phase 2
3.3.2,Mobile Navigation Fixes,2023-06-14,2023-06-15,2,3.3.1,Developer,0%,Phase 2
3.3.3,Layout Adjustments,2023-06-16,2023-06-17,2,3.3.2,Developer,0%,Phase 2
3.3.4,Cross-Device Testing,2023-06-18,2023-06-18,1,3.3.3,Developer,0%,Phase 2

4,Phase 3: Enhanced User Experience,2023-06-19,2023-07-09,21,,Developer,0%,Phase 3
4.1,Add Interactive Demonstrations,2023-06-19,2023-06-25,7,,Developer,0%,Phase 3
4.1.1,Interactive Demo Tests,2023-06-19,2023-06-20,2,3,Developer,0%,Phase 3
4.1.2,MCP Protocol Visualization,2023-06-21,2023-06-22,2,4.1.1,Developer,0%,Phase 3
4.1.3,Step-by-Step Wizards,2023-06-23,2023-06-24,2,4.1.2,Developer,0%,Phase 3
4.1.4,Finalize and Test Interactions,2023-06-25,2023-06-25,1,4.1.3,Developer,0%,Phase 3
4.2,Implement Dark Mode,2023-06-26,2023-07-02,7,4.1,Developer,0%,Phase 3
4.2.1,Dark Mode Tests,2023-06-26,2023-06-27,2,4.1,Developer,0%,Phase 3
4.2.2,Dark Mode Color Scheme,2023-06-28,2023-06-29,2,4.2.1,Developer,0%,Phase 3
4.2.3,Mode Toggle Implementation,2023-06-30,2023-07-01,2,4.2.2,Developer,0%,Phase 3
4.2.4,Preference Testing,2023-07-02,2023-07-02,1,4.2.3,Developer,0%,Phase 3
4.3,Optimize Performance,2023-07-03,2023-07-09,7,4.2,Developer,0%,Phase 3
4.3.1,Performance Tests,2023-07-03,2023-07-04,2,4.2,Developer,0%,Phase 3
4.3.2,Asset Optimization,2023-07-05,2023-07-06,2,4.3.1,Developer,0%,Phase 3
4.3.3,Lazy Loading Implementation,2023-07-07,2023-07-08,2,4.3.2,Developer,0%,Phase 3
4.3.4,Performance Validation,2023-07-09,2023-07-09,1,4.3.3,Developer,0%,Phase 3

5,Phase 4: Refinement and Launch,2023-07-10,2023-07-23,14,,Developer,0%,Phase 4
5.1,Quality Assurance,2023-07-10,2023-07-16,7,,Developer,0%,Phase 4
5.1.1,Comprehensive Testing Suite,2023-07-10,2023-07-11,2,4,Developer,0%,Phase 4
5.1.2,Cross-Browser Testing,2023-07-12,2023-07-13,2,5.1.1,Developer,0%,Phase 4
5.1.3,Accessibility Testing,2023-07-14,2023-07-15,2,5.1.2,Developer,0%,Phase 4
5.1.4,Bug Fixing,2023-07-16,2023-07-16,1,5.1.3,Developer,0%,Phase 4
5.2,Launch Preparation,2023-07-17,2023-07-23,7,5.1,Developer,0%,Phase 4
5.2.1,Final Content Review,2023-07-17,2023-07-18,2,5.1,Developer,0%,Phase 4
5.2.2,Documentation Updates,2023-07-19,2023-07-20,2,5.2.1,Developer,0%,Phase 4
5.2.3,Production Environment Setup,2023-07-21,2023-07-22,2,5.2.2,Developer,0%,Phase 4
5.2.4,Launch,2023-07-23,2023-07-23,1,5.2.3,Developer,0%,Phase 4 